SeqName,Start,End,Score,Strand,Motif
G6PC1_HUMAN,276,279,4,+,ASN_GLYCOSYLATION
G6PC1_HUMAN,203,206,4,+,ASN_GLYCOSYLATION
G6PC1_HUMAN,96,99,4,+,ASN_GLYCOSYLATION
G6PC1_HUMAN,311,313,3,+,PKC_PHOSPHO_SITE
G6PC1_HUMAN,283,285,3,+,PKC_PHOSPHO_SITE
G6PC1_HUMAN,205,207,3,+,PKC_PHOSPHO_SITE
G6PC1_HUMAN,145,147,3,+,PKC_PHOSPHO_SITE
G6PC1_HUMAN,316,319,4,+,CK2_PHOSPHO_SITE
G6PC1_HUMAN,272,277,6,+,MYRISTYL
G6PC1_HUMAN,270,275,6,+,MYRISTYL
G6PC1_HUMAN,266,271,6,+,MYRISTYL
G6PC1_HUMAN,188,193,6,+,MYRISTYL
G6PC1_HUMAN,184,189,6,+,MYRISTYL
G6PC1_HUMAN,114,119,6,+,MYRISTYL
G6PC1_HUMAN,12,17,6,+,MYRISTYL
G6PC1_HUMAN,32,53,22,+,LEUCINE_ZIPPER
