SeqName	Start	End	Score	Strand	Motif
WP_144402898.1	307	309	3	+	PKC_PHOSPHO_SITE
WP_144402898.1	293	295	3	+	PKC_PHOSPHO_SITE
WP_144402898.1	171	173	3	+	PKC_PHOSPHO_SITE
WP_144402898.1	148	150	3	+	PKC_PHOSPHO_SITE
WP_144402898.1	31	33	3	+	PKC_PHOSPHO_SITE
WP_144402898.1	430	433	4	+	CK2_PHOSPHO_SITE
WP_144402898.1	281	284	4	+	CK2_PHOSPHO_SITE
WP_144402898.1	201	204	4	+	CK2_PHOSPHO_SITE
WP_144402898.1	132	135	4	+	CK2_PHOSPHO_SITE
WP_144402898.1	103	106	4	+	CK2_PHOSPHO_SITE
WP_144402898.1	64	67	4	+	CK2_PHOSPHO_SITE
WP_144402898.1	417	422	6	+	MYRISTYL
WP_144402898.1	379	384	6	+	MYRISTYL
WP_144402898.1	327	332	6	+	MYRISTYL
WP_144402898.1	323	328	6	+	MYRISTYL
WP_144402898.1	322	327	6	+	MYRISTYL
WP_144402898.1	320	325	6	+	MYRISTYL
WP_144402898.1	319	324	6	+	MYRISTYL
WP_144402898.1	300	305	6	+	MYRISTYL
WP_144402898.1	296	301	6	+	MYRISTYL
WP_144402898.1	276	281	6	+	MYRISTYL
WP_144402898.1	271	276	6	+	MYRISTYL
WP_144402898.1	71	76	6	+	MYRISTYL
WP_144402898.1	69	74	6	+	MYRISTYL
WP_144402898.1	40	45	6	+	MYRISTYL
WP_144402898.1	35	40	6	+	MYRISTYL
WP_144402898.1	263	300	38	+	AA_TRANSFER_CLASS_3
