SeqName	Start	End	Score	Strand	Motif
GAB1285789.1	96	99	4	+	ASN_GLYCOSYLATION
GAB1285789.1	82	85	4	+	ASN_GLYCOSYLATION
GAB1285789.1	15	18	4	+	ASN_GLYCOSYLATION
GAB1285789.1	759	762	4	+	CAMP_PHOSPHO_SITE
GAB1285789.1	594	597	4	+	CAMP_PHOSPHO_SITE
GAB1285789.1	907	909	3	+	PKC_PHOSPHO_SITE
GAB1285789.1	762	764	3	+	PKC_PHOSPHO_SITE
GAB1285789.1	677	679	3	+	PKC_PHOSPHO_SITE
GAB1285789.1	661	663	3	+	PKC_PHOSPHO_SITE
GAB1285789.1	645	647	3	+	PKC_PHOSPHO_SITE
GAB1285789.1	586	588	3	+	PKC_PHOSPHO_SITE
GAB1285789.1	551	553	3	+	PKC_PHOSPHO_SITE
GAB1285789.1	436	438	3	+	PKC_PHOSPHO_SITE
GAB1285789.1	271	273	3	+	PKC_PHOSPHO_SITE
GAB1285789.1	261	263	3	+	PKC_PHOSPHO_SITE
GAB1285789.1	224	226	3	+	PKC_PHOSPHO_SITE
GAB1285789.1	173	175	3	+	PKC_PHOSPHO_SITE
GAB1285789.1	76	78	3	+	PKC_PHOSPHO_SITE
GAB1285789.1	36	38	3	+	PKC_PHOSPHO_SITE
GAB1285789.1	780	783	4	+	CK2_PHOSPHO_SITE
GAB1285789.1	748	751	4	+	CK2_PHOSPHO_SITE
GAB1285789.1	619	622	4	+	CK2_PHOSPHO_SITE
GAB1285789.1	613	616	4	+	CK2_PHOSPHO_SITE
GAB1285789.1	609	612	4	+	CK2_PHOSPHO_SITE
GAB1285789.1	608	611	4	+	CK2_PHOSPHO_SITE
GAB1285789.1	551	554	4	+	CK2_PHOSPHO_SITE
GAB1285789.1	538	541	4	+	CK2_PHOSPHO_SITE
GAB1285789.1	505	508	4	+	CK2_PHOSPHO_SITE
GAB1285789.1	436	439	4	+	CK2_PHOSPHO_SITE
GAB1285789.1	350	353	4	+	CK2_PHOSPHO_SITE
GAB1285789.1	323	326	4	+	CK2_PHOSPHO_SITE
GAB1285789.1	278	281	4	+	CK2_PHOSPHO_SITE
GAB1285789.1	211	214	4	+	CK2_PHOSPHO_SITE
GAB1285789.1	202	205	4	+	CK2_PHOSPHO_SITE
GAB1285789.1	64	67	4	+	CK2_PHOSPHO_SITE
GAB1285789.1	28	31	4	+	CK2_PHOSPHO_SITE
GAB1285789.1	16	19	4	+	CK2_PHOSPHO_SITE
GAB1285789.1	676	681	6	+	MYRISTYL
GAB1285789.1	524	529	6	+	MYRISTYL
GAB1285789.1	463	468	6	+	MYRISTYL
GAB1285789.1	456	461	6	+	MYRISTYL
GAB1285789.1	449	454	6	+	MYRISTYL
GAB1285789.1	448	453	6	+	MYRISTYL
GAB1285789.1	374	379	6	+	MYRISTYL
GAB1285789.1	341	346	6	+	MYRISTYL
GAB1285789.1	294	299	6	+	MYRISTYL
GAB1285789.1	155	160	6	+	MYRISTYL
GAB1285789.1	90	95	6	+	MYRISTYL
GAB1285789.1	89	94	6	+	MYRISTYL
GAB1285789.1	88	93	6	+	MYRISTYL
GAB1285789.1	86	91	6	+	MYRISTYL
GAB1285789.1	72	77	6	+	MYRISTYL
GAB1285789.1	69	74	6	+	MYRISTYL
GAB1285789.1	224	227	4	+	AMIDATION
GAB1285789.1	76	79	4	+	AMIDATION
GAB1285789.1	114	116	3	+	RGD
