SeqName,Start,End,Score,Strand,Motif
KAJ7421106.1,96,99,4,+,ASN_GLYCOSYLATION
KAJ7421106.1,141,144,4,+,CAMP_PHOSPHO_SITE
KAJ7421106.1,284,286,3,+,PKC_PHOSPHO_SITE
KAJ7421106.1,206,208,3,+,PKC_PHOSPHO_SITE
KAJ7421106.1,247,250,4,+,CK2_PHOSPHO_SITE
KAJ7421106.1,98,101,4,+,CK2_PHOSPHO_SITE
KAJ7421106.1,298,303,6,+,MYRISTYL
KAJ7421106.1,273,278,6,+,MYRISTYL
KAJ7421106.1,271,276,6,+,MYRISTYL
KAJ7421106.1,267,272,6,+,MYRISTYL
KAJ7421106.1,189,194,6,+,MYRISTYL
KAJ7421106.1,185,190,6,+,MYRISTYL
KAJ7421106.1,114,119,6,+,MYRISTYL
KAJ7421106.1,12,17,6,+,MYRISTYL
KAJ7421106.1,139,142,4,+,AMIDATION
